No PTMs are included in the dataset;3;;;1=komplett ignorieren
Carbamidomethyl;3;;;2=erstmal akzeptieren
Oxidation;3;;;3=immer ok
TMT6plex;1;;;
iodoacetic acid derivatized residue;3;;;
monohydroxylated residue;2;;;
iodoacetamide derivatized residue;3;;;
phosphorylated residue;2;;;
acetylated residue;2;;;
deamidated residue;2;;;
6x(13)C,2x(15)N labeled L-lysine;1;;;
6x(13)C,4x(15)N labeled L-arginine;1;;;
S-carboxamidoethyl-L-cysteine;2;;;
iTRAQ4plex-116 reporter+balance reagent acylated residue;1;;;
N-acetylated residue;2;;;
carbamoylated residue;2;;;
TMT6plex-126 reporter+balance reagent acylated residue;1;;;
Acetyl;2;;;
residues isobaric at 128.058578 Da;1;;;
adenosine diphosphoribosyl (ADP-ribosyl) modified residue;1;;;
deaminated residue;2;;;
2-pyrrolidone-5-carboxylic acid (Gln);2;;;
L-citrulline;2;;;
Ammonia-loss;2;;;
Phospho;2;;;
Deamidated;2;;;
Glu->pyro-Glu;2;;;
Methyl;2;;;
Gln->pyro-Glu;2;;;
Propionamide;3;;;
L-methionine sulfoxide;2;;;
ubiquitination signature dipeptidyl lysine;2;;;
Methylthio;2;;;
iTRAQ8plex;1;;;
Dehydrated;2;;;
S-pyridylethyl-L-cysteine;2;;;
L-cysteic acid (L-cysteine sulfonic acid);2;;;
iTRAQ8plex-116 reporter+balance reagent acylated residue;1;;;
methylthiolated residue;2;;;
HexNAc;2;;;
formylated residue;2;;;
6x(13)C labeled residue;1;;;
biotinylated residue;2;;;
Amidated;2;;;
amidated residue;2;;;
Label:13C(6);1;;;
modified L-isoleucine residue;2;;;
modified L-leucine residue;2;;;
Ethanolamine;2;;;
Delta:H(1)O(-1)18O(1);2;;;
Carbamyl;2;;;
dimethylated residue;2;;;
monomethylated residue;2;;;
complex glycosylation;2;;;
dehydrated residue;2;;;
residues isobaric at 113.084064 Da;1;;;
S-cyano-L-cysteine;2;;;
Applied Biosystems cleavable ICAT(TM) light;1;;;
Applied Biosystems cleavable ICAT(TM) heavy;1;;;
2-pyrrolidone-5-carboxylic acid (Glu);2;;;
Hex(1)HexNAc(1)NeuAc(1);2;;;
cysteinylation (disulfide with free L-cysteine);2;;;
Carboxymethyl;2;;;
carboxylated residue;2;;;
N-acetylhexosaminylated;2;;;
Dimethyl;2;;;
Ammonium;2;;;
Carbofuran;2;;;
Trimethyl;2;;;
Isopropylphospho;2;;;
Guanidinyl;2;;;
Cation:Li;2;;;
Ethyl;2;;;
Pyridylethyl;2;;;
Dioxidation;2;;;
Ethanolyl;2;;;
Myristoyl;2;;;
Fluoro;2;;;
Palmitoleyl;2;;;
Biotin;2;;;
AEBS;2;;;
MercaptoEthanol;3;;;
Cysteinyl;2;;;
Cation:Na;2;;;
Amidine;2;;;
HCysThiolactone;2;;;
Formyl;2;;;
Cys->Dha;2;;;
Hex;2;;;
Sulfo;2;;;
Cys->Oxoalanine;2;;;
Carboxy;2;;;
Pro->pyro-Glu;2;;;
O-pinacolylmethylphosphonate;2;;;
Didehydro;2;;;
Dihydroxyimidazolidine;2;;;
Met->Hsl;2;;;
CarboxymethylDTT;2;;;
Met->Hse;2;;;
Methylphosphonate;2;;;
Phosphopropargyl;2;;;
SMA;2;;;
Trp->Hydroxykynurenin;2;;;
Delta:H(4)C(2)O(-1)S(1);1;;;
Menadione-HQ;2;;;
Carboxyethyl;2;;;
ADP-Ribosyl;2;;;
Lys->AminoadipicAcid;2;;;
glycidamide;2;;;
NDA;2;;;
ethylamino;2;;;
Glutathione;2;;;
O-Methylphosphate;2;;;
DTT_C;2;;;
Methyl+Deamidated;2;;;
Iminobiotin;2;;;
Hypusine;2;;;
Palmitoyl;2;;;
Cation:K;2;;;
Deoxy;2;;;
Cation:Mg[II];2;;;
GlycerylPE;2;;;
Farnesyl;2;;;
AEC-MAEC;2;;;
Thioacyl;2;;;
Diphthamide;2;;;
LeuArgGlyGly;2;;;
Dehydro;2;;;
Hydroxymethyl;2;;;
CAF;2;;;
Lys->Allysine;2;;;
Trp->Kynurenin;2;;;
Methylamine;2;;;
Cation:Ni[II];2;;;
Sulfide;2;;;
Cytopiloyne;2;;;
Methylpyrroline;2;;;
Lipoyl;2;;;
Ethyl+Deamidated;2;;;
O-Isopropylmethylphosphonate;2;;;
Arg2PG;2;;;
GlyGly;2;;;
Pro->Pyrrolidinone;2;;;
Amino;2;;;
Trp->Oxolactone;2;;;
sulfo+amino;2;;;
Dethiomethyl;2;;;
DFDNB;2;;;
Ethoxyformyl;2;;;
Delta:H(5)C(2);1;;;
DAET;2;;;
maleimide;2;;;
Crotonaldehyde;2;;;
Delta:H(2)C(2);1;;;
SulfurDioxide;2;;;
Diethyl;2;;;
2-hydroxyproline;2;;;
Malonyl;2;;;
Nitro;2;;;
ISD_z+2_ion;2;;;
Quinone;2;;;
Cation:Ca[II];2;;;
CHDH;2;;;
HexNAc(1)dHex(1);2;;;
Cation:Fe[II];2;;;
Propargylamine;2;;;
dichlorination;2;;;
Iodo;2;;;
Ethanedithiol;2;;;
residues isobaric at 71.037114 Da;1;;;
N-ethylmaleimide derivatized cysteine;2;;;
dihydroxylated residue;2;;;
Hex1HexNAc2;2;;;
Hex1HexNAc1NeuAc1 glycosylated residue;2;;;
O-(N-acetylamino)glucosyl-L-threonine;2;;;
O-hexosylated threonine;2;;;
N-acetylneuraminylated;2;;;
O-(N-acetylamino)glucosyl-L-serine;2;;;
iodoacetamide -site E;2;;;
N6;2;;;
N-acetylaminoglucosylated;2;;;
TMT6plex-126 reporter+balance reagent N6-acylated lysine;1;;;
deamidated L-asparagine;2;;;
deamidated L-glutamine;2;;;
TMT6plex-126 reporter+balance reagent acylated N-terminal;1;;;
S-carboxamidomethyl-L-cysteine;2;;;
Label:13C(6)15N(4);1;;;
biotin-maleimide;2;;;
Label:13C(6)15N(2);1;;;
L-lysine residue;2;;;
Succinyl;2;;;
Label:13C(6)+Acetyl;1;;;
Pyro-carbamidomethyl;2;;;
N6-crotonyl-L-lysine;2;;;
N6-carbamoyl-L-lysine;2;;;
alpha-amino succinylated residue;2;;;
methionine oxidation with neutral loss of 64 Da;2;;;
methionine oxidation with neutral loss of 80 Da;2;;;
N6-succinyl-L-lysine;2;;;
(18)O label at both C-terminal oxygens;2;;;
TMT6plex-126 reporter fragment;1;;;
ubiquitinylated lysine;2;;;
propanoylated residue;2;;;
propanoyl labeling reagent light form (N-term);2;;;
iTRAQ8plex:13C(6)15N(2);1;;;
cysTMT6plex;1;;;
Gly->Val;2;;;
iTRAQ8plex-121 reporter fragment;1;;;
iodoacetamide - site C;3;;;
succinyl beta-aspartyl anhydride;2;;;
Biotin:Thermo-88310;2;;;
butanoylated residue;2;;;
succinylated residue;2;;;
myristoylated residue;2;;;
alpha-amino dimethylated residue;2;;;
iTRAQ8plex-113 reporter+balance reagent N6-acylated lysine;1;;;
N6-propanoyl-L-lysine;2;;;
L-cysteine methyl disulfide;2;;;
N6,N6-dimethyl-L-lysine;2;;;
methylated residue;2;;;
trimethylated residue;2;;;
isotope labeled residue;2;;;
unknown modification;2;;;
crosslinked residues;2;;;
iTRAQ4plex;1;;;
cysTMT6plex reporter+balance reagent cysteine disulfide;1;;;
PyMIC;2;;;
Benzoyl;2;;;
GluGlu;2;;;
PhosphoHexNAc;2;;;
2-succinyl;2;;;
MG-H1;2;;;
Phosphopantetheine;2;;;
Delta:H(4)C(3);1;;;
L-arginine residue;2;;;
iodoacetamide derivatized amino-terminal residue;2;;;
alkylated residue;2;;;
2x(13)C;2;;;
ICDID:2H(6);2;;;
Decanoyl;2;;;
Arg->GluSA;2;;;
Thr->Phe;2;;;
Heme;2;;;
Delta:H(4)C(2);2;;;
Lys;2;;;
3-deoxyglucosone;2;;;
Arg;2;;;
Arg-loss;2;;;
HNE;2;;;
Label:13C(6)15N(4)+Dimethyl:2H(6)13C(2);1;;;
O-(N-acetylamino)hexosyl-L-threonine;2;;;
O-(N-acetylamino)hexosyl-L-serine;2;;;
Chlorination;2;;;
Arg->Orn;2;;;
HexN;2;;;
Hex(1)HexNAc(2)dHex(2);2;;;
Hex1HexNAc1;2;;;
dHex(1)Hex(2);2;;;
Trioxidation;2;;;
cGMP+RMP-loss;2;;;
HexNAc(1)dHex(2);2;;;
Hex(2);2;;;
3-phosphoglyceryl;2;;;
Hex(2)HexNAc(2);2;;;
Dicarbamidomethyl;2;;;
Hex(1)HexNAc(1)dHex(1);2;;;
Bromo;2;;;
QQQTGG;2;;;
PhosphoribosyldephosphoCoA;2;;;
Delta:S(-1)Se(1);2;;;
Val->Arg;2;;;
Glycerophospho;2;;;
Tyr->Dha;2;;;
QTGG;2;;;
DMPO;2;;;
Ala->Gln;2;;;
Didehydroretinylidene;2;;;
Hep;2;;;
dHex(1)Hex(1);2;;;
Octanoyl;2;;;
PhosphoHex;2;;;
phosphoRibosyl;2;;;
Acetylhypusine;2;;;
DeStreak;2;;;
trimethyl-L-arginine;2;;;
alpha-amino acetylated residue;2;;;
sulfur oxygenated L-methionine;2;;;
N6-butanoyl-L-lysine;2;;;
sulfated residue;2;;;
Dimethyl:2H(4);2;;;
dehydroalanine (Cys);2;;;
Label:18O(2);1;;;
Label:18O(1);1;;;
disulfide crosslinked residues;2;;;
deoxyhexosylated;2;;;
hexosylated residue;2;;;
Sulfo-NHS-LC-LC-Biotin;2;;;
monosodium salt;2;;;
asymmetric dimethyl-L-arginine;2;;;
symmetric dimethyl-L-arginine;2;;;
Cation:Zn[II];2;;;
CAMthiopropanoyl;2;;;
Delta:H(2)C(5);1;;;
Glu;2;;;
2-pyrrolidone-5-carboxylic acid;2;;;
methyl methanethiosulfonate;2;;;
methylated methionine;2;;;
lanthionine;2;;;
3-methyllanthionine;2;;;
Menadione;2;;;
HydroxymethylOP;2;;;
sumoylated lysine;2;;;
palmitoylated residue;2;;;
3x(2)H labeled N6-acetyl-L-lysine;1;;;
acetate labeling reagent (N-term) (heavy form, +3amu);1;;;
3'-nitro-L-tyrosine;2;;;
N6-malonyl-L-lysine;2;;;
monohydroxylated proline;2;;;
N6-carboxymethyl-L-lysine;2;;;
N6-1-carboxyethyl-L-lysine;2;;;
Deamidated:18O(1);2;;;
Arg->Npo;2;;;
LG-anhyropyrrole;2;;;
Dansyl;2;;;
Pro->Pyrrolidone;2;;;
dHex(1)Hex(3)HexNAc(4);2;;;
Cation:Ag;2;;;
Thiophospho;2;;;
NeuAc;2;;;
LG-anhydrolactam;2;;;
SPITC;2;;;
Ethylphosphate;2;;;
Hex(3)HexNAc(2);2;;;
Hex(2)HexNAc(2)Pent(1);2;;;
maleimide3;2;;;
Pyridylacetyl;2;;;
TNBS;2;;;
DTT_ST;2;;;
HNE+Delta:H(2);2;;;
Diethylphosphate;2;;;
Cytopiloyne+water;2;;;
Hex(1)HexNAc(2)dHex(1)Pent(1);2;;;
Crotonyl;2;;;
EDT-maleimide-PEO-biotin;2;;;
Glucosylgalactosyl;2;;;
Met->Hpg;2;;;
Biotin-PEO-Amine;2;;;
4-ONE+Delta:H(-2)O(-1);1;;;
cGMP;2;;;
Bacillosamine;2;;;
DimethylpyrroleAdduct;2;;;
3sulfo;2;;;
2HPG;2;;;
Piperidine;2;;;
4-ONE;2;;;
BHTOH;2;;;
PEITC;2;;;
BITC;2;;;
Delta:H(2)C(3)O(1);1;;;
Hex(1)HexNAc(2)Pent(1);2;;;
Diisopropylphosphate;2;;;
Methylmalonylation;2;;;
Cation:Cu[I];2;;;
Hydroxytrimethyl;2;;;
PET;2;;;
Biotin-tyramide;2;;;
Label:2H(4);1;;;
thioacylation of primary amines - site N-term;2;;;
thioacylation of primary amines - site K;2;;;
dimethylated L-arginine;2;;;
L-cystine (cross-link);2;;;
mannosylated;2;;;
hydroxylated proline;2;;;
protonated glycine (glycinium) residue;2;;;
4x(2)H labeled dimethylated residue;1;;;
glycosylated residue;2;;;
TMT6plex reporter+balance reagent acylated residue;1;;;
6x(13)C labeled L-lysine;1;;;
6x(13)C labeled L-arginine;1;;;
L-proline residue;2;;;
protein modification categorized by amino acid modified;2;;;
4x(2)H labeled alpha-dimethylamino N-terminal residue;1;;;
4x(2)H labeled dimethylated L-lysine;1;;;
L-kynurenine;2;;;
L-cysteine sulfenic acid;2;;;
Asp->Met;2;;;
Val->His;2;;;
Ser->Val;2;;;
Xle->His;2;;;
Label:15N(2);1;;;
Asp->Phe;2;;;
Hydroxamic_acid;2;;;
TMAB:2H(9);1;;;
Gly;2;;;
Val->Glu;2;;;
Xle->Lys;2;;;
Asp->Asn;2;;;
Xle->Asn;2;;;
Xle->Asp;2;;;
Gly->His;2;;;
Phe->Tyr;2;;;
Acetyl:2H(3);1;;;
Asn->Phe;2;;;
Lys->Ser;2;;;
Methyl:2H(3);1;;;
Label:13C(6)15N(1);1;;;
Asp->His;2;;;
Val->Met;2;;;
Ala->Ser;2;;;
Gln->His;2;;;
Met->Phe;2;;;
Glu->Trp;2;;;
Thr->Asp;2;;;
Thr->Xle;2;;;
Val->Asp;2;;;
Val->Thr;2;;;
Methyl:2H(2);1;;;
Asn->Met;2;;;
Label:15N(1);1;;;
Xle->Gly;2;;;
Val->Asn;2;;;
Label:2H(6)15N(1);1;;;
Pro->Xle;2;;;
Xle->Glu;2;;;
Arg->Met;2;;;
Met->Tyr;2;;;
Ser->Cys;2;;;
Ala->Cys;2;;;
Gly->Ser;2;;;
Xle->Gln;2;;;
TMT;1;;;
G-H1;2;;;
BHAc;2;;;
Nethylmaleimide+water;2;;;
LG-pyrrole;2;;;
Nmethylmaleimide;2;;;
pyrophospho;2;;;
dHex;2;;;
HPG;2;;;
HNE-Delta:H(2)O;2;;;
GluGluGlu;2;;;
Galactosyl;2;;;
Hex(2)HexNAc(2)dHex(1);2;;;
BisANS;2;;;
Phosphoguanosine;2;;;
GluGluGluGlu;2;;;
HexNAc(2);2;;;
Glycosyl;2;;;
thioacylPA;2;;;
5x(13)C labeled L-proline;1;;;
S-nitrosyl-L-cysteine;2;;;
Label:13C(8)15N(2);1;;;
L-histidine residue;2;;;
(R)-5-oxo-1,4-tetrahydrothiazine-3-carboxylic acid;2;;;
oxidation;3;;;
L-thyroxine;2;;;
"3&apos;,3&apos;&apos;,5&apos;-triiodo-L-thyronine";2;;;
L-methionine removal;2;;;
Met-loss+Acetyl;2;;;
N-acetylaminogalactosylated;2;;;
N-formylated residue;2;;;
iTRAQ4plex-114 reporter+balance reagent N6-acylated lysine;1;;;
"iTRAQ4plex-114 reporter+balance reagent O4&apos;-acylated tyrosine";1;;;
iTRAQ4plex-114 reporter+balance reagent acylated N-terminal;1;;;
Nethylmaleimide;2;;;
N6,N6,N6-trimethyl-L-lysine (from L-lysinium residue);2;;;
1x(18)O labeled deamidated L-asparagine;1;;;
oxidized residue;3;;;
N-acylated residue;2;;;
N-acetylated L-lysine;2;;;
L-methionine sulfone;2;;;
monohydroxylated lysine;2;;;
N6-acetyl-L-lysine;2;;;
Oxidation of proline (to glutamic acid);2;;;
(4,4,5,5-(2)H4)-L-lysine;2;;;
TMPP-Ac;2;;;
Propyl;2;;;
Delta:H(6)C(3)O(1);2;;;
Delta:H(4)C(3)O(1);2;;;
"O4&apos;-phospho-L-tyrosine";2;;;
O-phospho-L-threonine;2;;;
O-phospho-L-serine;2;;;
2;2;;;
S-(2-hydroxyethyl)cysteine;2;;;
iTRAQ4plex reporter+balance reagent N-acylated residue;1;;;
"iTRAQ8plex-114 reporter+balance reagent O4&apos;-acylated tyrosine";1;;;
iTRAQ8plex-114 reporter+balance reagent acylated N-terminal;1;;;
iTRAQ8plex-114 reporter+balance reagent N6-acylated lysine;1;;;
1-thioglycine (C-terminal);2;;;
S-(2-succinyl)-L-cysteine;2;;;
2x(13)C,6x(2)H labeled dimethylated L-arginine;1;;;
methylated lysine;2;;;
methylated arginine;2;;;
iTRAQ8plex-115 reporter+balance reagent acylated residue;1;;;
iTRAQ8plex reporter+balance reagent acylated residue;1;;;
monomethylated L-aspartic acid;2;;;
L-glutamic acid 5-methyl ester (Glu);2;;;
Applied Biosystems iTRAQ(TM) multiplexed quantitation chemistry;1;;;
acetaldehyde +26;2;;;
monomethylated L-lysine;2;;;
L-cysteine glutathione disulfide;2;;;
3-hydroxy-L-proline;2;;;
L-homoarginine;2;;;
O5-glucosylgalactosyl-L-hydroxylysine;2;;;
"6&apos;-bromo-L-tryptophan";2;;;
brominated tyrosine;2;;;
monobrominated L-phenylalanine;2;;;
dibromo;2;;;
L-bromohistidine;2;;;
deuterated dimethyl labeling (D);1;;;
propanoyl labeling reagent heavy form (+3amu) (K);1;;;
S-carboxymethyl-L-cysteine;2;;;
iodoacetic acid derivatized amino-terminal residue;2;;;
S-carboxamidomethyl-L-cysteine sulfoxide;2;;;
O-phosphorylated residue;2;;;
NHS-LC-Biotin;2;;;
hydroxylated lysine;2;;;
L-methionine (S)-sulfoxide;2;;;
(18)O monosubstituted residue;1;;;
Dabsyl chloride derivatized residue;2;;;
6x(13)C,1x(15)N labeled L-isoleucine;1;;;
cysteine mercaptoethanol;2;;;
3x(13)C labeled N6-propanoyl-L-lysine;1;;;
3x(12)C labeled N6-propanoyl-L-lysine;1;;;
acylated residue;2;;;
"O-(phospho-5&apos;-DNA)-L-threonine";2;;;
5x(13)C,1x(15)N labeled L-methionine sulfoxide;1;;;
iTRAQ4plex reporter+balance reagent acylated residue;1;;;
iTRAQ8plex-113 reporter+balance reagent acylated residue;1;;;
Uniblue A derivatized residue;2;;;
cysTMT6plex-126 reporter+balance reagent cysteine disulfide;1;;;
cysTMT6plex-zero reporter+balance reagent cysteine disulfide;1;;;
N-acetyl-L-serine;2;;;
L-threonine methyl ester;2;;;
5-methyl-L-arginine;2;;;
L-aspartic acid 4-methyl ester;2;;;
N6-formyl-L-lysine;2;;;
N-methyl-L-serine;2;;;
N6-methyl-L-lysine;2;;;
N6-(morpholine-2-acetyl)-lysine;2;;;
residue methyl ester;2;;;
3x(2)H labeled L-aspartic acid 4-methyl ester;1;;;
3x(2)H residue methyl ester;1;;;
modified L-glutamine residue;2;;;
modified L-aspartic acid residue;2;;;
L-cysteine bacillithiol disulfide;2;;;
L-cysteine coenzyme A disulfide;2;;;
Bruker Daltonics SERVA-ICPL(TM) quantification chemistry, light form - site K;1;;;
Bruker Daltonics SERVA-ICPL(TM) quantification chemistry, heavy form - site K;1;;;
N-formyl-L-methionine;2;;;
L-aspartic 4-phosphoric anhydride;2;;;
N4-hydroxymethyl-L-asparagine;2;;;
diiodinated residue;2;;;
modified L-methionine residue;2;;;
monoiodated tyrosine;2;;;
pyruvic acid (Tyr);2;;;
L-cysteine residue;2;;;
deglycosylated asparagine;2;;;
N-acetyl-L-isoleucine;2;;;
N2-acetyl-L-tryptophan;2;;;
N-acetyl-L-glutamic acid;2;;;
dihydroxylated residue - site W;2;;;
N-acetyl-L-asparagine;2;;;
N-(L-isoaspartyl)-L-cysteine;2;;;
N2-acetyl-L-histidine;2;;;
N-acetyl-L-tyrosine;2;;;
N-acetyl-L-cysteine;2;;;
5x(13)C-labeled L-methionine sulfone;1;;;
S-carboxamidomethyl-L-cysteine sulfone;2;;;
modified L-cysteine residue;2;;;
TMT6plex-131 reporter+balance reagent N6-acylated lysine;1;;;
iTRAQ4plex-117 reporter+balance reagent N6-acylated lysine;1;;;
(15)N labeled residue;1;;;
modified L-arginine residue;2;;;
L-glutamimide;2;;;
O-(riboflavin phosphoryl)-L-threonine;2;;;
iTRAQ4plex-114 reporter+balance reagent acylated residue;1;;;
methylated glutamic acid;2;;;
2x(15)N labeled L-lysine;1;;;
4x(15)N labeled L-arginine;1;;;
L-methionine (R)-sulfoxide;2;;;
iodoacetamide N6-derivatized lysine;2;;;
N4-glycosyl-L-asparagine;2;;;
9x(13)C labeled residue;1;;;
modified L-lysine residue;2;;;
S-methyl-L-cysteine;2;;;
hypusine;2;;;
modified L-tyrosine residue;2;;;
Acrylamide adduct;2;;;
Iodoacetamide derivative;3;;;
